hash,from,to,value,timeStamp
0x1,0xAAA111111111111111111111111111111111111,0xBBB222222222222222222222222222222222222,500000000000000000,1731568200
0x2,0xBBB222222222222222222222222222222222222,0xCCC333333333333333333333333333333333333,300000000000000000,1731568300
0x3,0xAAA111111111111111111111111111111111111,0xCCC333333333333333333333333333333333333,1200000000000000000,1731568400
0x4,0xDDD444444444444444444444444444444444444,0xAAA111111111111111111111111111111111111,50000000000000000,1731568500
0x5,0xCCC333333333333333333333333333333333333,0xEEE555555555555555555555555555555555555,200000000000000000,1731568600
0x6,0xEEE555555555555555555555555555555555555,0xAAA111111111111111111111111111111111111,1000000000000000000,1731568700
0x7,0xAAA111111111111111111111111111111111111,0xFFF666666666666666666666666666666666666,800000000000000000,1731568800
0x8,0xFFF666666666666666666666666666666666666,0xBBB222222222222222222222222222222222222,230000000000000000,1731568900
0x9,0xBBB222222222222222222222222222222222222,0xGGG777777777777777777777777777777777777,900000000000000000,1731569000
0x10,0xGGG777777777777777777777777777777777777,0xAAA111111111111111111111111111111111111,150000000000000000,1731569100
0x11,0xEEE555555555555555555555555555555555555,0xHHH888888888888888888888888888888888888,70000000000000000,1731569200
0x12,0xHHH888888888888888888888888888888888888,0xAAA111111111111111111111111111111111111,200000000000000000,1731569300
0x13,0xCCC333333333333333333333333333333333333,0xIII999999999999999999999999999999999999,600000000000000000,1731569400
0x14,0xIII999999999999999999999999999999999999,0xDDD444444444444444444444444444444444444,450000000000000000,1731569500
0x15,0xDDD444444444444444444444444444444444444,0xBBB222222222222222222222222222222222222,20000000000000000,1731569600
0x16,0xGGG777777777777777777777777777777777777,0xEEE555555555555555555555555555555555555,1800000000000000000,1731569700
0x17,0xBBB222222222222222222222222222222222222,0xHHH888888888888888888888888888888888888,100000000000000000,1731569800
0x18,0xHHH888888888888888888888888888888888888,0xCCC333333333333333333333333333333333333,300000000000000000,1731569900
0x19,0xAAA111111111111111111111111111111111111,0xHHH888888888888888888888888888888888888,750000000000000000,1731570000
0x20,0xEEE555555555555555555555555555555555555,0xIII999999999999999999999999999999999999,210000000000000000,1731570100
0x21,0xCCC333333333333333333333333333333333333,0xGGG777777777777777777777777777777777777,1900000000000000000,1731570200
0x22,0xFFF666666666666666666666666666666666666,0xDDD444444444444444444444444444444444444,300000000000000000,1731570300
0x23,0xIII999999999999999999999999999999999999,0xHHH888888888888888888888888888888888888,270000000000000000,1731570400
0x24,0xHHH888888888888888888888888888888888888,0xGGG777777777777777777777777777777777777,350000000000000000,1731570500
0x25,0xGGG777777777777777777777777777777777777,0xAAA111111111111111111111111111111111111,1200000000000000000,1731570600
0x26,0xEEE555555555555555555555555555555555555,0xBBB222222222222222222222222222222222222,500000000000000000,1731570700
0x27,0xDDD444444444444444444444444444444444444,0xEEE555555555555555555555555555555555555,300000000000000000,1731570800
0x28,0xAAA111111111111111111111111111111111111,0xGGG777777777777777777777777777777777777,1400000000000000000,1731570900
0x29,0xCCC333333333333333333333333333333333333,0xFFF666666666666666666666666666666666666,90000000000000000,1731571000
0x30,0xFFF666666666666666666666666666666666666,0xIII999999999999999999999999999999999999,200000000000000000,1731571100
0x31,0xIII999999999999999999999999999999999999,0xCCC333333333333333333333333333333333333,500000000000000000,1731571200
0x32,0xGGG777777777777777777777777777777777777,0xDDD444444444444444444444444444444444444,180000000000000000,1731571300
0x33,0xDDD444444444444444444444444444444444444,0xHHH888888888888888888888888888888888888,75000000000000000,1731571400
0x34,0xHHH888888888888888888888888888888888888,0xAAA111111111111111111111111111111111111,100000000000000000,1731571500
0x35,0xBBB222222222222222222222222222222222222,0xEEE555555555555555555555555555555555555,850000000000000000,1731571600
0x36,0xEEE555555555555555555555555555555555555,0xFFF666666666666666666666666666666666666,250000000000000000,1731571700
0x37,0xCCC333333333333333333333333333333333333,0xAAA111111111111111111111111111111111111,300000000000000000,1731571800
0x38,0xAAA111111111111111111111111111111111111,0xBBB222222222222222222222222222222222222,900000000000000000,1731571900
0x39,0xFFF666666666666666666666666666666666666,0xGGG777777777777777777777777777777777777,20000000000000000,1731572000
0x40,0xGGG777777777777777777777777777777777777,0xCCC333333333333333333333333333333333333,600000000000000000,1731572100
0x41,0xDDD444444444444444444444444444444444444,0xEEE555555555555555555555555555555555555,1000000000000000000,1731572200
0x42,0xEEE555555555555555555555555555555555555,0xAAA111111111111111111111111111111111111,700000000000000000,1731572300
0x43,0xBBB222222222222222222222222222222222222,0xIII999999999999999999999999999999999999,450000000000000000,1731572400
0x44,0xIII999999999999999999999999999999999999,0xHHH888888888888888888888888888888888888,870000000000000000,1731572500
0x45,0xHHH888888888888888888888888888888888888,0xDDD444444444444444444444444444444444444,220000000000000000,1731572600
0x46,0xAAA111111111111111111111111111111111111,0xEEE555555555555555555555555555555555555,1100000000000000000,1731572700
0x47,0xEEE555555555555555555555555555555555555,0xCCC333333333333333333333333333333333333,180000000000000000,1731572800
0x48,0xCCC333333333333333333333333333333333333,0xFFF666666666666666666666666666666666666,1200000000000000000,1731572900
0x49,0xFFF666666666666666666666666666666666666,0xAAA111111111111111111111111111111111111,400000000000000000,1731573000
0x50,0xBBB222222222222222222222222222222222222,0xDDD444444444444444444444444444444444444,350000000000000000,1731573100
